img_name,pct_red_like,pct_yellow_like,pct_dark_like,num_pixels,split
0011.png,0.2884864165588616,0.1614920224234584,0.5500215610176801,9276,train
0012.png,0.04879825200291333,0.9198834668608885,0.031318281136198105,1373,train
0013.png,0.13927255985267034,0.8082412523020258,0.052486187845303865,4344,train
0014.png,0.0017488632388947185,0.9935292060160895,0.00472193074501574,5718,train
0015.png,0.6642685851318945,0.0,0.33573141486810554,417,train
0016.png,0.2930393198724761,0.64192348565356,0.06503719447396387,18820,train
0017.png,0.14081826831588962,0.8591817316841104,0.0,1051,train
0018.png,0.15,0.8346491228070175,0.015350877192982455,2280,train
0019.png,0.0,0.9461433135554541,0.053856686444545866,2191,train
0020.png,0.9690355329949238,0.029949238578680204,0.0010152284263959391,1970,train
0021.png,0.02117465224111283,0.028902627511591963,0.9499227202472952,6470,train
0022.png,0.0,0.0,1.0,227,train
0023.png,0.805871462576038,0.14625760380851627,0.04787093361544565,3781,train
0024.png,0.13911845730027547,0.859504132231405,0.0013774104683195593,726,train
0026.png,0.0598309126381964,0.14068935616735312,0.7994797311944505,4613,train
0027.png,0.16809116809116809,0.0,0.8319088319088319,351,train
0028.png,0.0,0.24271844660194175,0.7572815533980582,103,train
0029.png,0.1207477448103467,0.016411259645690686,0.8628409955439627,9201,train
0031.png,0.0,0.88,0.12,125,train
0032.png,0.00044662795891022776,0.9870477891916034,0.012505582849486378,2239,train
0034.png,0.20634450044470798,0.08834865105247554,0.7053068485028164,3373,train
0035.png,0.005931852669333701,0.016278107325148297,0.9777900400055181,7249,train
0036.png,0.03323615160349854,0.9169096209912536,0.049854227405247815,3430,train
0037.png,0.0,0.9993626513702996,0.0006373486297004461,1569,train
0038.png,0.07966101694915254,0.7,0.22033898305084745,1770,train
0039.png,0.014388489208633094,0.6762589928057554,0.30935251798561153,1390,train
0040.png,0.18127701792927503,0.15888314081213237,0.6598398412585926,14111,train
0041.png,0.0,0.9248747913188647,0.07512520868113523,599,train
0042.png,0.0,0.3850267379679144,0.6149732620320856,187,train
0043.png,0.04252400548696845,0.0,0.9574759945130316,729,train
0044.png,0.046486486486486484,0.0,0.9535135135135135,925,train
0045.png,0.10312973941817179,0.1546946091272577,0.7421756514545705,7253,train
0048.png,0.024983563445101907,0.7613412228796844,0.21367521367521367,1521,train
0049.png,0.06387128230131643,0.9058995611896635,0.03022915650901999,4102,train
0050.png,0.08389412292507852,0.00986989681471512,0.9062359802602064,2229,train
0051.png,0.0,0.7345679012345679,0.2654320987654321,1782,train
0052.png,0.0,0.3951219512195122,0.6048780487804878,615,train
0053.png,0.02666666666666667,0.9733333333333334,0.0,375,train
0054.png,0.0,0.30337078651685395,0.6966292134831461,178,train
0055.png,0.0,0.7845744680851063,0.2154255319148936,3008,train
0056.png,0.24525547445255474,0.45571776155717764,0.2990267639902676,8220,train
0059.png,0.0,0.9240021869874249,0.07599781301257517,1829,train
0060.png,0.42369020501138954,0.0,0.5763097949886105,439,train
0061.png,0.11984861227922625,0.8187552565180825,0.061396131202691336,2378,train
0063.png,0.10344827586206896,0.896551724137931,0.0,812,train
0064.png,0.0,0.040646651270207855,0.9593533487297922,2165,train
0065.png,0.0,0.9836956521739131,0.016304347826086956,368,train
0066.png,0.14309683604985618,0.06999041227229147,0.7869127516778524,4172,train
0067.png,0.0,0.6580459770114943,0.34195402298850575,348,train
0069.png,0.037934668071654375,0.0,0.9620653319283456,949,train
0070.png,0.5302162262058769,0.3232304564775457,0.14655331731657734,5411,train
0071.png,1.0,0.0,0.0,24,train
0072.png,0.060495330897279743,0.9395046691027202,0.0,2463,train
0073.png,0.0,0.9786240786240786,0.021375921375921376,4070,train
0074.png,0.0,0.9766666666666667,0.023333333333333334,5100,train
0075.png,0.042105263157894736,0.031578947368421054,0.9263157894736842,95,train
0076.png,0.0,0.7626227208976157,0.2373772791023843,2852,train
0077.png,0.49636261891438166,0.2730833799664242,0.2305540011191942,1787,train
0080.png,0.06314273961332785,0.5989304812834224,0.3379267791032497,4862,train
0081.png,0.008573178199632579,0.605021432945499,0.38640538885486836,1633,train
0083.png,0.0,0.5716753022452504,0.4283246977547496,579,train
0084.png,0.10832443970117396,0.6686232657417289,0.22305229455709713,3748,train
0086.png,0.11373599610326351,0.28263516804676087,0.6036288358499756,8212,train
0087.png,0.005449591280653951,0.9696379914363565,0.02491241728298949,2569,train
0088.png,0.1260006404098623,0.6789945565161704,0.19500480307396734,6246,train
0090.png,0.0221483942414175,0.015134736064968624,0.9627168696936139,2709,train
0091.png,0.43084370677731676,0.5560165975103735,0.01313969571230982,1446,train
0093.png,0.2894736842105263,0.6140350877192983,0.09649122807017543,114,train
0094.png,0.0,0.9333333333333333,0.06666666666666667,585,train
0095.png,0.7845588235294118,0.11544117647058824,0.1,4080,train
0097.png,0.0,1.0,0.0,268,train
0098.png,0.3695652173913043,0.46284584980237153,0.16758893280632411,5060,train
0099.png,0.36023622047244097,0.0016404199475065617,0.6381233595800525,3048,train
0100.png,0.0,0.0,1.0,105,train
0101.png,0.0,0.9221218961625283,0.07787810383747178,886,train
0102.png,0.16412490922294845,0.002904865649963689,0.8329702251270878,1377,train
0103.png,0.06349206349206349,0.9285714285714286,0.007936507936507936,126,train
0104.png,0.07878484393256552,0.020030045067601403,0.9011851109998331,5991,train
0105.png,0.10233393177737882,0.895870736086176,0.0017953321364452424,557,train
0106.png,0.08813219829744617,0.27441161742613923,0.6374561842764146,1997,train
0109.png,0.0,0.9956140350877193,0.0043859649122807015,1140,train
0110.png,0.0641025641025641,0.48717948717948717,0.44871794871794873,156,train
0111.png,0.7033195020746889,0.29564315352697096,0.001037344398340249,964,train
0112.png,0.06163828061638281,0.19626926196269262,0.7420924574209246,1233,train
0113.png,0.016830294530154277,0.6115007012622721,0.37166900420757365,9982,train
0114.png,0.978663672094329,0.02133632790567097,0.0,1781,train
0115.png,0.22443729903536977,0.690032154340836,0.08553054662379421,1555,train
0116.png,0.021608040201005024,0.7658291457286432,0.21256281407035177,1990,train
0117.png,0.17205651491365778,0.8279434850863422,0.0,6370,train
0118.png,0.0,1.0,0.0,1616,train
0119.png,0.025718608169440244,0.29652042360060515,0.6777609682299546,1322,train
0120.png,0.5819000819000819,0.15335790335790336,0.26474201474201475,4884,train
0121.png,0.0,0.6428571428571429,0.35714285714285715,644,train
0123.png,0.1417397487556293,0.8582602512443707,0.0,4219,train
0125.png,0.05014807502467917,0.1966436327739388,0.7532082922013821,5065,train
0127.png,0.6751054852320675,0.0,0.32489451476793246,948,train
0129.png,0.03333333333333333,0.7666666666666667,0.2,330,train
0130.png,0.02054794520547945,0.9794520547945206,0.0,146,train
0132.png,0.023529411764705882,0.681608339538347,0.29486224869694716,6715,train
0135.png,0.0035335689045936395,0.7703180212014135,0.22614840989399293,1132,train
0137.png,0.028089887640449437,0.21629213483146068,0.7556179775280899,712,train
0138.png,0.3123989840683445,0.16560840452551373,0.5219926114061417,17324,train
0139.png,0.0,0.9885057471264368,0.011494252873563218,348,train
0140.png,0.0,0.6278870829769033,0.3721129170230967,2338,train
0141.png,0.0,0.45123537061118335,0.5487646293888166,769,train
0142.png,0.07433016421780467,0.6110630942091616,0.3146067415730337,1157,train
0144.png,0.11832734798222655,0.19076024103719033,0.6909124109805831,16429,train
0145.png,0.31137088204038255,0.26461211477151964,0.42401700318809776,941,train
0147.png,0.0,0.002036659877800407,0.9979633401221996,982,train
0148.png,0.0,0.9934959349593496,0.0065040650406504065,615,train
0149.png,0.006354249404289118,0.12390786338363781,0.8697378872120731,1259,train
0150.png,0.0196078431372549,0.8022875816993464,0.1781045751633987,1836,train
0151.png,0.12582365861311579,0.665829934107311,0.20834640727957326,6374,train
0152.png,0.09712399811409712,0.8802451673738803,0.02263083451202263,2121,train
0153.png,0.002386634844868735,0.8687350835322196,0.1288782816229117,419,train
0154.png,0.25333333333333335,0.6074074074074074,0.13925925925925925,675,train
0155.png,0.16373822256175197,0.05296664120193532,0.7832951362363128,3927,train
0156.png,0.18943626206196038,0.8105637379380396,0.0,1969,train
0157.png,0.44879518072289154,0.5466867469879518,0.004518072289156626,664,train
0158.png,0.9266441821247892,0.0016863406408094434,0.07166947723440135,1186,train
0159.png,0.45486443381180225,0.531578947368421,0.013556618819776715,6270,train
0160.png,0.12121212121212122,0.7630853994490359,0.11570247933884298,1089,train
0161.png,0.9333333333333333,0.006779661016949152,0.059887005649717516,1770,train
0162.png,0.5915492957746479,0.2575452716297787,0.15090543259557343,497,train
0163.png,0.395004625346901,0.5952821461609621,0.00971322849213691,2162,train
0165.png,0.1423982869379015,0.8554603854389722,0.0021413276231263384,934,train
0166.png,0.019699812382739212,0.9183864915572233,0.06191369606003752,1066,train
0167.png,0.06575963718820861,0.9321995464852608,0.0020408163265306124,4410,train
0168.png,0.0,0.3870967741935484,0.6129032258064516,155,train
0169.png,0.18181818181818182,0.7727272727272727,0.045454545454545456,264,train
0170.png,0.9950980392156863,0.004901960784313725,0.0,612,train
0171.png,0.9676290463692039,0.03237095363079615,0.0,2286,train
0172.png,0.0449438202247191,0.9502407704654896,0.004815409309791332,2492,train
0173.png,0.03332304844183894,0.966676951558161,0.0,3241,train
0174.png,0.0007462686567164179,0.9134328358208955,0.08582089552238806,1340,train
0175.png,0.29493514515132796,0.002007411982705374,0.7030574428659666,6476,train
0176.png,0.0004943561011782154,0.9962923292411634,0.0032133146576584,12137,train
0178.png,0.07025697102241663,0.010114816839803172,0.9196282121377802,7316,train
0179.png,0.024363233665559248,0.9501661129568106,0.02547065337763012,4515,train
0181.png,0.656891495601173,0.34310850439882695,0.0,341,train
0182.png,0.011352418558736426,0.8134254689042448,0.17522211253701875,4052,train
0183.png,0.0,0.034411915767847974,0.965588084232152,1947,train
0184.png,0.023523763802208355,0.6817090734517522,0.29476716274603937,2083,train
0185.png,0.0,0.9935622317596566,0.006437768240343348,932,train
0186.png,0.4710231814548361,0.036970423661071145,0.4920063948840927,5004,train
0187.png,0.13902205177372962,0.5215723873441994,0.33940556088207097,1043,train
0188.png,0.11131554737810488,0.8886844526218951,0.0,1087,train
0189.png,0.04619565217391304,0.8023097826086957,0.1514945652173913,1472,train
0191.png,0.8589940323955669,0.0017050298380221654,0.13930093776641092,5865,train
0193.png,0.6951219512195121,0.008057491289198606,0.2968205574912892,4592,train
0194.png,0.0,0.45297951582867785,0.5470204841713222,2148,train
0195.png,0.0,0.02565880721220527,0.9743411927877947,1442,train
0196.png,0.9286692223439211,0.06421139101861993,0.007119386637458927,7304,train
0197.png,0.010993657505285413,0.988076109936575,0.0009302325581395349,11825,train
0198.png,0.18410392512920798,0.7492666573543791,0.06662941751641291,7159,train
0199.png,0.767982294356326,0.23054223533751383,0.0014754703061600886,2711,train
0200.png,0.9305135951661632,0.05236656596173213,0.017119838872104734,993,train
0202.png,0.0,0.9428571428571428,0.05714285714285714,385,train
0204.png,0.02408429503261415,0.870546914199699,0.1053687907676869,3986,train
0205.png,0.963771712158809,0.0,0.036228287841191066,2015,train
0206.png,0.0,0.3333333333333333,0.6666666666666666,2298,train
0207.png,0.026210411357844923,0.8937022206042956,0.08008736803785949,2747,train
0209.png,0.0003206155819172812,0.9378005771080474,0.06187880731003527,3119,train
0210.png,0.0,0.5616883116883117,0.4383116883116883,616,train
0212.png,0.33086053412462907,0.017804154302670624,0.6513353115727003,674,train
0214.png,0.6257668711656442,0.37423312883435583,0.0,489,train
0215.png,0.1509433962264151,0.03773584905660377,0.8113207547169812,53,train
0216.png,0.38059494022796775,0.2767120748772125,0.34269298489481975,10791,train
0218.png,0.31550295857988164,0.07076923076923076,0.6137278106508876,4225,train
0219.png,0.34080717488789236,0.6517189835575485,0.007473841554559043,669,train
0220.png,0.0016697975370486328,0.48048424128574413,0.5178459611772073,4791,train
0221.png,0.6106870229007634,0.09923664122137404,0.2900763358778626,131,train
0222.png,0.0,0.6309476209516194,0.3690523790483807,2501,train
0224.png,0.0,1.0,0.0,148,train
0225.png,0.3266773162939297,0.28913738019169327,0.384185303514377,1252,train
0226.png,0.004230118443316413,0.9923857868020305,0.00338409475465313,1182,train
0227.png,0.15950920245398773,0.003067484662576687,0.8374233128834356,326,train
0228.png,0.002715438064052392,0.024359076751058223,0.9729254851848894,12521,train
0229.png,0.027955736750145604,0.8276062900407688,0.1444379732090856,1717,train
0230.png,0.0024752475247524753,0.9839108910891089,0.013613861386138614,808,train
0231.png,0.0,0.44327176781002636,0.5567282321899736,379,train
0232.png,0.0,0.6893491124260355,0.3106508875739645,338,train
0234.png,0.8074074074074075,0.1925925925925926,0.0,135,train
0236.png,0.0,0.7993039443155452,0.20069605568445475,1724,train
0237.png,0.0,0.03320019970044932,0.9667998002995507,4006,train
0238.png,0.07643312101910828,0.0,0.9235668789808917,157,train
0239.png,0.6412393162393163,0.0,0.35876068376068376,4680,train
0240.png,0.17115472387037883,0.762665449566408,0.06617982656321314,2191,train
0241.png,0.0,0.9985078676071623,0.0014921323928377645,7372,train
0242.png,0.6699659256855428,0.3254908323868246,0.004543241927632647,6163,train
0243.png,0.0,0.9541062801932367,0.04589371980676329,414,train
0244.png,0.989926124916051,0.010073875083948958,0.0,1489,train
0246.png,0.08860759493670886,0.7906118143459916,0.12078059071729957,1896,train
0247.png,0.12481089258698941,0.5471507816439738,0.3280383257690368,3966,train
0248.png,0.21192281185389386,0.6936595451412819,0.09441764300482426,8706,train
0249.png,0.0,0.1563517915309446,0.8436482084690554,614,train
0250.png,0.135,0.65,0.215,4600,train
0252.png,0.0,0.8201438848920863,0.17985611510791366,278,train
0253.png,0.1651821862348178,0.7047233468286099,0.1300944669365722,3705,train
0254.png,0.27719012747491184,0.42534580960130186,0.2974640629237863,14748,train
0255.png,0.03433162892622352,0.9612856099342586,0.004382761139517896,1369,train
0257.png,0.03664596273291926,0.9043478260869565,0.059006211180124224,4830,train
0258.png,0.1946607341490545,0.5139043381535039,0.2914349276974416,899,train
0260.png,0.0,0.016429840142095916,0.9835701598579041,2252,train
0261.png,0.6428391643594261,0.22401208155046565,0.13314875409010823,3973,train
0263.png,0.01018149623727313,0.5918548030101815,0.3979637007525454,2259,train
0264.png,0.0,0.9612903225806452,0.03870967741935484,310,train
0265.png,0.12413512413512413,0.7541717541717542,0.12169312169312169,2457,train
0266.png,0.03690036900369004,0.9169741697416974,0.046125461254612546,542,train
0267.png,0.4528448947778644,0.5471551052221356,0.0,1283,train
0268.png,0.0006550933508024893,0.9593842122502456,0.03996069439895185,3053,train
0269.png,0.0,0.5504885993485342,0.4495114006514658,614,train
0270.png,0.23284313725490197,0.14705882352941177,0.6200980392156863,408,train
0271.png,0.19140205178309722,0.20591108939912067,0.6026868588177822,20470,train
0272.png,0.008583690987124463,0.02145922746781116,0.9699570815450643,233,train
0273.png,0.0,0.9359400998336106,0.06405990016638935,1202,train
0274.png,0.05668168168168168,0.7657657657657657,0.17755255255255256,2664,train
0275.png,0.676657060518732,0.323342939481268,0.0,5205,train
0277.png,0.11654733492442323,0.0,0.8834526650755767,2514,train
0279.png,0.5665700267618198,0.4334299732381802,0.0,8968,train
0280.png,0.8520710059171598,0.14792899408284024,0.0,338,train
0282.png,0.0,0.9887750122010737,0.011224987798926306,2049,train
0283.png,0.12448979591836734,0.6285714285714286,0.24693877551020407,490,train
0285.png,0.24623282000331181,0.7446597118728266,0.009107468123861567,6039,train
0286.png,0.24971558589306028,0.7076222980659841,0.042662116040955635,1758,train
0287.png,0.04271631982475356,0.0,0.9572836801752465,913,train
0288.png,0.029914529914529916,0.8162393162393162,0.15384615384615385,234,train
0290.png,0.09901738473167045,0.6250944822373394,0.2758881330309902,1323,train
0292.png,0.13455447635135134,0.8163534628378378,0.049092060810810814,18944,train
0293.png,0.0,0.6386292834890965,0.3613707165109034,642,train
0294.png,0.0,0.9943977591036415,0.0056022408963585435,357,train
0295.png,0.5472475713865175,0.4230203120400353,0.02973211657344716,3397,train
0296.png,0.3810160427807487,0.48663101604278075,0.1323529411764706,4488,train
0297.png,0.2625482625482625,0.637065637065637,0.10038610038610038,518,train
0298.png,0.6776599921476246,0.0636042402826855,0.25873576756968986,2547,train
0299.png,0.3941411451398136,0.5785619174434088,0.02729693741677763,1502,train
0302.png,0.050449793338195964,0.23857281789448093,0.7109773887673231,16452,train
0304.png,0.0,0.04318936877076412,0.9568106312292359,602,train
0305.png,0.5249097472924188,0.2794223826714801,0.1956678700361011,1385,train
0306.png,0.0,0.10351201478743069,0.8964879852125693,541,train
0307.png,0.13246216038356678,0.6147409984018051,0.2527968412146282,10637,train
0308.png,0.9008264462809917,0.09504132231404959,0.004132231404958678,484,train
0309.png,0.05318352059925094,0.8194756554307117,0.12734082397003746,1335,train
0310.png,0.18037661050545095,0.5801123224314503,0.23951106706309877,3027,train
0311.png,0.8171956609079952,0.18280433909200483,0.0,2489,train
0312.png,0.034722222222222224,0.9652777777777778,0.0,432,train
0313.png,0.008451656524678837,0.04158215010141988,0.9499661933739013,2958,train
0314.png,0.013566986998304126,0.9576031656302996,0.02882984737139627,1769,train
0315.png,0.3126760563380282,0.6845070422535211,0.0028169014084507044,355,train
0316.png,0.01340282948622487,0.4959046909903202,0.49069247952345496,1343,train
0317.png,0.4673876309564042,0.5282189929030078,0.004393376140588037,2959,train
0318.png,0.11643090315560392,0.41240478781284007,0.47116430903155604,919,train
0319.png,0.1581503788614727,0.7487857004080046,0.09306392073052264,5147,train
0320.png,0.34686971235194586,0.0,0.6531302876480541,3546,train
0321.png,0.0,1.0,0.0,148,train
0323.png,0.3559027777777778,0.0763888888888889,0.5677083333333334,576,train
0324.png,0.2719948018193632,0.7237166991552957,0.0042884990253411305,7695,train
0325.png,0.7720588235294118,0.11397058823529412,0.11397058823529412,272,train
0327.png,0.994535519125683,0.0052042674993494666,0.00026021337496747333,3843,train
0328.png,0.3912472647702407,0.18074398249452955,0.42800875273522976,4570,train
0329.png,0.5475956820412169,0.4524043179587831,0.0,2038,train
0330.png,0.031084656084656083,0.9623015873015873,0.006613756613756613,1512,train
0331.png,0.0,0.9316909294512878,0.0683090705487122,1786,train
0332.png,0.0,0.9973928157589803,0.002607184241019699,6904,train
0333.png,0.28619387326898865,0.0029374737725556023,0.7108686529584557,2383,train
0336.png,0.5107734806629834,0.37044198895027625,0.11878453038674033,3620,train
0338.png,0.0,0.006968641114982578,0.9930313588850174,287,train
0340.png,0.16609154783187127,0.30233234939508585,0.5315761027730429,24053,train
0342.png,0.0,0.004914004914004914,0.995085995085995,407,train
0343.png,0.07493540051679587,0.5297157622739018,0.3953488372093023,387,train
0344.png,0.09941301361308855,0.28062944923192207,0.6199575371549894,8007,train
0345.png,0.5107758620689655,0.4892241379310345,0.0,464,train
0346.png,0.06941176470588235,0.9079411764705883,0.022647058823529412,3400,train
0347.png,0.29660087719298245,0.3508771929824561,0.35252192982456143,1824,train
0348.png,0.41005733397037747,0.20078834209268992,0.3891543239369326,8372,train
0350.png,0.5149812734082397,0.45630461922596754,0.02871410736579276,1602,train
0351.png,0.9090909090909091,0.09090909090909091,0.0,33,train
0352.png,0.0,0.5294117647058824,0.47058823529411764,85,train
0353.png,0.1677669219258868,0.20764017252002465,0.6245929055540885,11361,train
0354.png,0.7097878165639973,0.03627652292950034,0.2539356605065024,1461,train
0357.png,0.15548931942374566,0.3462493790362643,0.49826130153999004,2013,train
0358.png,0.0050568900126422255,0.06005056890012642,0.9348925410872313,1582,train
0359.png,0.0016051364365971107,0.5048154093097913,0.49357945425361155,2492,train
0360.png,0.014180929095354523,0.008801955990220049,0.9770171149144254,2045,train
0362.png,0.011046949535525985,0.9799146372081345,0.009038413256339443,3983,train
0364.png,0.6641562308433313,0.20422103511691042,0.1316227340397583,11419,train
0366.png,0.0,0.8636363636363636,0.13636363636363635,220,train
0367.png,0.14930139720558883,0.003592814371257485,0.8471057884231536,2505,train
0368.png,0.0005803830528148578,0.97968659315148,0.019733023795705164,1723,train
0370.png,0.046505652620760535,0.5691161356628982,0.38437821171634123,3892,train
0371.png,0.778485491861288,0.2094833687190375,0.012031139419674451,1413,train
0372.png,0.7774572886620812,0.20612380741069447,0.016418903927224317,4507,train
0373.png,0.0,0.19740634005763688,0.8025936599423631,694,train
0374.png,0.9646504320502749,0.0,0.03534956794972506,1273,train
0377.png,0.0004201680672268908,0.14789915966386555,0.8516806722689075,2380,train
0378.png,0.003403014098201264,0.7564414195430238,0.2401555663587749,4114,train
0379.png,0.0,0.6911847276810781,0.308815272318922,1781,train
0380.png,0.0,0.3464845725847243,0.6535154274152757,1977,train
0381.png,0.2101476713366149,0.7712987504733055,0.018553578190079516,2641,train
0383.png,0.009240246406570842,0.03696098562628337,0.9537987679671458,974,train
0384.png,0.0449438202247191,0.9290730337078652,0.02598314606741573,1424,train
0385.png,0.010845986984815618,0.03253796095444685,0.9566160520607375,461,train
0386.png,0.6295133437990581,0.28492935635792777,0.08555729984301413,1274,train
0387.png,0.50390625,0.4921875,0.00390625,256,train
0388.png,0.0,0.9942481511914544,0.005751848808545604,1217,train
0389.png,0.08209437621202327,0.07369101486748546,0.8442146089204913,1547,train
0391.png,0.17442074857107737,0.21781082908241656,0.6077684223465061,16271,train
0392.png,0.0028371161548731644,0.7713618157543392,0.2258010680907877,5992,train
0393.png,0.035732175655368174,0.0,0.9642678243446319,5989,train
0394.png,0.06237615232187473,0.26613250624623075,0.6714913414318946,11607,train
0395.png,0.0,0.7865448504983389,0.21345514950166114,1204,train
0396.png,0.1794981771391808,0.6465794552862963,0.17392236757452284,9326,train
0397.png,0.6700651025672522,0.11374524014248864,0.21618965729025919,8141,train
0399.png,0.8608349900596421,0.13320079522862824,0.005964214711729622,2012,train
0400.png,0.06774193548387097,0.0,0.932258064516129,310,train
0401.png,0.08239993733845069,0.02702279313856035,0.890577269522989,12767,train
0402.png,0.0,0.6319845857418112,0.36801541425818884,1038,train
0403.png,0.007177033492822967,0.9617224880382775,0.03110047846889952,418,train
0404.png,0.0,1.0,0.0,2097,train
0406.png,0.03949730700179533,0.08976660682226212,0.8707360861759426,557,train
0408.png,0.0021427551068996715,0.18889576686824436,0.808961478024856,21001,train
0409.png,0.6093943139678616,0.39060568603213847,0.0,809,train
0410.png,0.0,0.6884531590413944,0.3115468409586057,918,train
0411.png,0.0,0.9330900243309003,0.06690997566909976,822,train
0413.png,0.009328358208955223,0.9776119402985075,0.013059701492537313,536,train
0414.png,0.32582760527771193,0.3841352611203287,0.2900371336019594,12657,train
0415.png,0.1111111111111111,0.4402907580477674,0.4485981308411215,963,train
0418.png,0.27354765933446135,0.13270485859318346,0.5937474820723552,12411,train
0419.png,0.22926829268292684,0.7707317073170732,0.0,410,train
0420.png,0.07760499927336142,0.039238482778665894,0.8831565179479727,6881,train
0421.png,0.36779730281977935,0.6121781773600327,0.020024519820187985,2447,train
0422.png,0.7823803967327888,0.05396732788798133,0.16365227537922988,3428,train
0423.png,0.013265594129268981,0.5139712108382727,0.4727631950324584,3543,train
0424.png,0.8579617834394905,0.0,0.14203821656050955,1570,train
0425.png,0.1674259681093394,0.16704631738800305,0.6655277145026576,21072,train
0426.png,0.0,0.8537346302073775,0.1462653697926225,5449,train
0427.png,0.10637254901960784,0.0,0.8936274509803922,2040,train
0428.png,0.1029641185647426,0.28066025866841127,0.6163756227668462,19871,train
0430.png,0.9103915662650602,0.05120481927710843,0.038403614457831324,2656,train
0431.png,0.0,0.9537815126050421,0.046218487394957986,952,train
0432.png,0.0209351011863224,0.00314026517794836,0.9759246336357292,2866,train
0433.png,0.0,0.9782608695652174,0.021739130434782608,644,train
0434.png,0.2862887012464817,0.7008443908323281,0.012866907921190189,2487,train
0435.png,0.1052760736196319,0.2814723926380368,0.6132515337423313,4075,train
0436.png,0.015201465201465201,0.7818681318681319,0.20293040293040293,5460,train
0440.png,0.7544483985765125,0.08540925266903915,0.1601423487544484,562,train
0441.png,0.05234248788368336,0.0,0.9476575121163167,3095,train
0442.png,0.05644546147978642,0.9417747266717519,0.001779811848461734,3933,train
0443.png,0.0,0.6445409429280397,0.3554590570719603,1612,train
0444.png,0.39767054908485855,0.3627287853577371,0.23960066555740434,601,train
0445.png,0.46875,0.53125,0.0,128,train
0446.png,0.0,0.9715151515151516,0.028484848484848484,1650,train
0448.png,0.7339255968906163,0.15480288728484176,0.11127151582454192,9005,train
0449.png,0.4083885209713024,0.0717439293598234,0.5198675496688742,906,train
0452.png,0.010706638115631691,0.9892933618843683,0.0,467,train
0453.png,0.9713785046728972,0.0,0.028621495327102803,1712,train
0454.png,0.4113802996493465,0.03379024545744342,0.5548294548932101,6274,train
0455.png,0.606056328086398,0.13496153031693373,0.2589821415966683,14167,train
0458.png,1.0,0.0,0.0,778,train
0459.png,0.18462618462618463,0.6497016497016497,0.16567216567216567,2849,train
0460.png,0.557475317348378,0.0,0.442524682651622,2836,train
0461.png,0.006202618883528601,0.4390075809786354,0.554789800137836,1451,train
0462.png,0.9989177489177489,0.0010822510822510823,0.0,924,train
0463.png,0.0,0.981203007518797,0.018796992481203006,1064,train
0464.png,0.935243766282099,0.054707852623743954,0.010048381094157052,5374,train
0465.png,0.0,0.05216122560641984,0.9478387743935801,5483,train
0467.png,0.16562322140011382,0.6297666476949345,0.20461013090495161,3514,train
0468.png,0.0,0.01856763925729443,0.9814323607427056,377,train
0469.png,0.38290788013318533,0.0,0.6170921198668147,901,train
0471.png,0.7754532775453278,0.22454672245467225,0.0,717,train
0472.png,0.19930566514123402,0.7782862553258639,0.022408079532902005,6337,train
0473.png,0.0,0.9914893617021276,0.00851063829787234,235,train
0474.png,0.0,0.944973544973545,0.05502645502645503,1890,train
0476.png,0.11946508172362556,0.46300148588410106,0.4175334323922734,3365,train
0477.png,0.0136986301369863,0.0,0.9863013698630136,511,train
0478.png,0.2091121495327103,0.7827102803738317,0.008177570093457943,856,train
0479.png,0.0,0.8075117370892019,0.19248826291079812,639,train
0480.png,0.11992619926199262,0.5996309963099631,0.28044280442804426,542,train
0481.png,0.016406890894175553,0.8753076292042657,0.10828547990155865,1219,train
0482.png,0.45579793340987373,0.3949483352468427,0.14925373134328357,871,train
0484.png,0.7495894909688013,0.06978653530377668,0.180623973727422,1218,train
0486.png,0.04540023894862605,0.0,0.954599761051374,837,train
0487.png,0.07734959800388135,0.9226504019961187,0.0,3607,train
0488.png,0.018948655256723717,0.003667481662591687,0.9773838630806846,1636,train
0489.png,0.0060374960279631395,0.38023514458214175,0.6137273593898951,15735,train
0490.png,0.8249701314217444,0.0,0.17502986857825567,1674,train
0491.png,0.8330564784053156,0.16279069767441862,0.004152823920265781,1204,train
0492.png,0.128099173553719,0.8591284748309542,0.012772351615326822,2662,train
0493.png,0.13126171979641038,0.6180016072863649,0.25073667291722473,11199,train
0495.png,0.5344077769250448,0.0678562292146329,0.3977359938603223,15636,train
0497.png,0.07640232108317214,0.11702127659574468,0.8065764023210832,1034,train
0498.png,0.0,0.9718654434250764,0.028134556574923548,1635,train
0499.png,0.0,0.3386363636363636,0.6613636363636364,440,train
0500.png,0.0,0.15941629955947137,0.8405837004405287,3632,train
0501.png,0.17950505402579295,0.056814220982920875,0.7636807249912861,2869,train
0505.png,0.05422647527910686,0.60207336523126,0.3437001594896332,1254,train
0506.png,0.07268037326454746,0.007283210682042333,0.9200364160534102,13181,train
0507.png,0.32361140896418616,0.04675101865751662,0.6296375723782972,9326,train
0508.png,0.42788038698328934,0.5523306948109059,0.01978891820580475,2274,train
0509.png,0.04580152671755725,0.004697592483852026,0.9495008807985907,1703,train
0510.png,0.21377792823290453,0.7828368314150305,0.003385240352064997,5908,train
0512.png,0.14392803598200898,0.38705647176411795,0.46901549225387307,4002,train
0513.png,0.0982642777155655,0.07409481149682717,0.8276409107876073,10716,train
0514.png,0.16455696202531644,0.7552742616033755,0.08016877637130802,711,train
0515.png,0.0,0.9158249158249159,0.08417508417508418,297,train
0518.png,0.6162579188358527,0.13240920780279747,0.2513328733613498,15943,train
0519.png,0.48963474827245806,0.4945705824284304,0.01579466929911155,1013,train
0520.png,0.3127619934792734,0.591988821611551,0.0952491849091756,8588,train
0521.png,0.14365671641791045,0.3451492537313433,0.5111940298507462,536,train
0522.png,0.0,0.651394422310757,0.34860557768924305,1004,train
0523.png,0.05957767722473605,0.43891402714932126,0.5015082956259427,3978,train
0524.png,0.019230769230769232,0.9567307692307693,0.02403846153846154,624,train
0526.png,0.4518664047151277,0.21414538310412573,0.33398821218074654,509,train
0527.png,0.03508771929824561,0.7473684210526316,0.21754385964912282,570,train
0529.png,0.014139827179890024,0.7541241162608012,0.2317360565593087,1273,train
0530.png,0.010360410007715199,0.9865535104155185,0.0030860795767662296,9073,train
0531.png,0.0,1.0,0.0,933,train
0532.png,0.11478454680534918,0.1938335809806835,0.6913818722139673,13460,train
0534.png,0.5444669489965016,0.040508193702817163,0.4150248573006813,5431,train
0535.png,0.09664429530201342,0.9004026845637584,0.002953020134228188,3725,train
0536.png,0.11174630568439219,0.8841548915974544,0.004098802718153382,9271,train
0537.png,0.17088607594936708,0.0006329113924050633,0.8284810126582278,1580,train
0538.png,0.4401009687542639,0.023400191021967526,0.5364988402237686,14658,train
0539.png,0.2797074954296161,0.01932619482893706,0.7009663097414468,3829,train
0540.png,0.043520942408376964,0.7179319371727748,0.23854712041884818,3056,train
0542.png,0.08170033162496232,0.9062405788362978,0.012059089538739826,3317,train
0544.png,0.3379237288135593,0.0,0.6620762711864406,944,train
0546.png,0.4187604690117253,0.5812395309882747,0.0,597,train
0547.png,0.0,0.9433962264150944,0.05660377358490566,1219,train
0550.png,0.4440052700922266,0.5230566534914362,0.03293807641633729,1518,train
0551.png,0.24269167126309985,0.2859900717043574,0.47131825703254276,3626,train
0552.png,0.21213942307692307,0.0,0.7878605769230769,1664,train
0553.png,0.08604651162790698,0.7976744186046512,0.11627906976744186,430,train
0554.png,0.0,0.9980635166537568,0.0019364833462432224,7746,train
0555.png,0.19497842291094547,0.1353471949784229,0.6696743821106316,12745,train
0556.png,0.017220172201722016,0.964329643296433,0.01845018450184502,813,train
0558.png,0.36219816819317235,0.0,0.6378018318068276,1201,train
0560.png,0.007352941176470588,0.5131302521008403,0.4795168067226891,1904,train
0561.png,0.12454823463997776,0.8607172643869891,0.014734500973033082,3597,train
0562.png,0.8019573978123201,0.19573978123200922,0.002302820955670697,1737,train
0563.png,0.0,0.5359477124183006,0.46405228758169936,459,train
0567.png,0.0,0.8183908045977012,0.18160919540229886,2175,train
0568.png,0.6169223616922361,0.3793584379358438,0.003719200371920037,2151,train
0569.png,0.012305516265912305,0.9192362093352192,0.06845827439886845,7070,train
0570.png,0.49711365003006613,0.3530366806975346,0.1498496692723993,16630,train
0572.png,0.4971751412429379,0.31389830508474575,0.1889265536723164,4425,train
0573.png,0.22416902860087606,0.5748518423086834,0.2009791290904406,3881,train
0574.png,0.13732916186398814,0.38778198583895934,0.4748888522970525,6073,train
0575.png,0.0,1.0,0.0,1791,train
0576.png,0.0,1.0,0.0,1659,train
0578.png,0.0,0.9400544959128065,0.05994550408719346,367,train
0579.png,0.017614091273018415,0.18094475580464373,0.8014411529223379,1249,train
0581.png,0.07917466410748561,0.8670825335892515,0.053742802303262956,2084,train
0583.png,0.0,0.1293759512937595,0.8706240487062404,1314,train
0584.png,0.0,1.0,0.0,8466,train
0585.png,0.14822817631806395,0.8267070008643043,0.025064822817631807,2314,train
0586.png,0.07985480943738657,0.21363754213119004,0.7065076484314234,3857,train
0587.png,0.06310537129439389,0.34135603169944234,0.5955385970061637,17035,train
0589.png,0.1742627345844504,0.7727366467312848,0.0530006186842648,4849,train
0590.png,0.0,0.6333113890717578,0.3666886109282423,1519,train
0592.png,0.0,0.9600189259522119,0.03998107404778803,4227,train
0593.png,0.005707762557077625,0.7157534246575342,0.2785388127853881,2628,train
0594.png,0.014246682279469165,0.14422326307572209,0.8415300546448088,5124,train
0595.png,0.20742637644046094,0.010029876227059326,0.7825437473324798,4686,train
0596.png,0.012283464566929133,0.9083464566929134,0.07937007874015747,3175,train
0597.png,0.6203125,0.0,0.3796875,640,train
0598.png,0.0,1.0,0.0,1311,train
0599.png,0.45327446651949965,0.07652685798381163,0.47019867549668876,1359,train
0601.png,0.9960876369327074,0.001564945226917058,0.002347417840375587,2556,train
0602.png,0.002803947958725886,0.13122476446837147,0.8659712875729026,8916,train
0605.png,0.07641311933007676,0.04989532449406839,0.8736915561758548,2866,train
0606.png,0.5147232037691402,0.4752650176678445,0.010011778563015312,1698,train
0608.png,0.9777131782945736,0.01905684754521964,0.003229974160206718,3096,train
0609.png,0.0,1.0,0.0,356,train
0610.png,0.3681077694235589,0.6287593984962406,0.003132832080200501,3192,train
0611.png,0.31571669995391,0.6755261944999232,0.008757105546166846,6509,train
0613.png,0.0,0.968421052631579,0.031578947368421054,570,train
0614.png,0.004170141784820684,0.21762927439532945,0.7782005838198499,19184,train
0617.png,0.0,0.9397590361445783,0.060240963855421686,3154,train
0618.png,0.012806236080178173,0.006495916852264291,0.9806978470675576,5388,train
0619.png,0.16473988439306358,0.8294797687861272,0.005780346820809248,346,train
0620.png,0.06696428571428571,0.9330357142857143,0.0,224,train
0621.png,0.0,0.1032258064516129,0.896774193548387,155,train
0622.png,0.007782101167315175,0.23929961089494164,0.7529182879377432,514,train
0623.png,0.08888888888888889,0.0,0.9111111111111111,1035,train
0624.png,0.9701612903225807,0.029838709677419355,0.0,1240,train
0625.png,0.158097068716963,0.0028832292167227293,0.8390197020663143,2081,train
0626.png,0.35967898832684825,0.5899805447470817,0.05034046692607004,4112,train
0628.png,0.0,0.01818181818181818,0.9818181818181818,110,train
0629.png,0.4822019452521809,0.5015541963300912,0.016243858417727866,9973,train
0630.png,0.8015665796344648,0.1801566579634465,0.018276762402088774,766,train
0631.png,0.47437336326225216,0.2884399551066218,0.23718668163112608,2673,train
0632.png,0.9959308240081384,0.004069175991861648,0.0,983,train
0633.png,0.13270986417279002,0.8672901358272099,0.0,4491,train
0634.png,0.0037174721189591076,0.9727385377942999,0.023543990086741014,807,train
0635.png,0.003416856492027335,0.9749430523917996,0.02164009111617312,2634,train
0636.png,0.9142343960484958,0.07259392306540936,0.013171680886094895,6681,train
0637.png,0.006286484059272564,0.000449034575662326,0.9932644813650651,2227,train
0639.png,0.0,0.9430830039525692,0.05691699604743083,1265,train
0640.png,0.0,1.0,0.0,413,train
0641.png,0.0,0.8040141676505312,0.1959858323494687,847,train
0643.png,0.0,0.0392156862745098,0.9607843137254902,51,train
0645.png,0.0,0.0,1.0,1144,train
0646.png,0.5964619492656876,0.3891855807743658,0.014352469959946596,8988,train
0648.png,0.028511087645195353,0.009503695881731784,0.9619852164730729,947,train
0649.png,0.061938061938061936,0.5884115884115884,0.34965034965034963,1001,train
0650.png,0.013970588235294118,0.8529411764705882,0.13308823529411765,1360,train
0653.png,0.06481481481481481,0.7314814814814815,0.2037037037037037,216,train
0654.png,0.03903345724907063,0.9609665427509294,0.0,1076,train
0655.png,0.4415156507413509,0.4588138385502471,0.09967051070840198,2428,train
0656.png,0.17018824433346139,0.7783326930464848,0.051479062620053785,2603,train
0658.png,0.45053773859122176,0.5456835577947873,0.0037787036139908924,10321,train
0659.png,0.000502008032128514,0.8514056224899599,0.14809236947791166,1992,train
0660.png,0.02122347066167291,0.2808988764044944,0.6978776529338327,801,train
0661.png,0.013589202093471675,0.9864107979065283,0.0,10891,train
0662.png,0.1140285071267817,0.03225806451612903,0.8537134283570893,1333,train
0663.png,8.494733265375468e-05,0.012147468569486918,0.9877675840978594,11772,train
0664.png,0.001671541997492687,0.4782699540325951,0.5200585039699123,4786,train
0665.png,0.0,0.8428940568475453,0.15710594315245477,1935,train
0666.png,0.0,0.04112613855920508,0.9588738614407949,3623,train
0667.png,0.0,0.6677966101694915,0.33220338983050846,295,train
0668.png,0.06198347107438017,0.9204545454545454,0.01756198347107438,968,train
0669.png,0.5076189214257321,0.1815290844043991,0.3108519941698688,7547,train
0670.png,0.27340451949341943,0.03898683883784455,0.687608641668736,4027,train
0671.png,0.20260374288039057,0.41436126932465417,0.38303498779495526,4916,train
0672.png,0.07268840192410475,0.04008551576696953,0.8872260823089257,1871,train
0673.png,0.8457085325950163,0.08022904606091115,0.0740624213440725,15892,train
0675.png,0.7882330576941355,0.16680923866552608,0.044957703640338374,10521,train
0676.png,0.0,0.9412935323383085,0.05870646766169154,2010,train
0677.png,0.25,0.7475247524752475,0.0024752475247524753,404,train
0678.png,0.18751322751322752,0.548994708994709,0.2634920634920635,4725,train
0680.png,0.12417422461090584,0.8488411152166611,0.0269846601724331,8931,train
0681.png,0.2423809523809524,0.6652380952380952,0.09238095238095238,2100,train
0683.png,0.2860237235688499,0.04755028365136668,0.6664259927797834,9695,train
0684.png,0.20454545454545456,0.29545454545454547,0.5,88,train
0685.png,0.10155148095909731,0.8984485190409027,0.0,709,train
0686.png,0.6175548589341693,0.003134796238244514,0.3793103448275862,319,train
0687.png,0.20171722953634802,0.7346307956496851,0.0636519748139668,8735,train
0688.png,0.8849939975990396,0.05690276110444178,0.05810324129651861,4165,train
0689.png,0.011176157530601383,0.05109100585417775,0.9377328366152209,1879,train
0690.png,0.8803765922097102,0.10670112608454864,0.012922281705741185,5417,train
0691.png,0.29275060700659034,0.6562608394033992,0.05098855359001041,2883,train
0692.png,0.0,0.6888888888888889,0.3111111111111111,45,train
0693.png,0.0,1.0,0.0,595,train
0694.png,0.013700470114170584,0.41893888515782407,0.5673606447280054,7445,train
0695.png,0.0,1.0,0.0,1176,train
0696.png,0.0,0.35611510791366907,0.6438848920863309,556,train
0697.png,0.0,0.35064935064935066,0.6493506493506493,539,train
0698.png,0.2055524397083567,0.5782389231632081,0.21620863712843522,3566,train
0699.png,0.0,0.7153374233128834,0.2846625766871166,1630,train
0700.png,0.038834951456310676,0.12135922330097088,0.8398058252427184,412,train
0702.png,0.2396796056685151,0.38755391250770177,0.37276648182378314,1623,train
0703.png,0.14465408805031446,0.18238993710691823,0.6729559748427673,159,train
0704.png,0.48853473973859207,0.4459986241687686,0.06546663609263931,8722,train
0705.png,0.2649579188982402,0.32853863810252487,0.4065034429992349,13070,train
0707.png,0.029696578437701744,0.9096191091026469,0.06068431245965139,1549,train
0708.png,0.292817679558011,0.6353591160220995,0.0718232044198895,362,train
0709.png,0.006825938566552901,0.5938566552901023,0.3993174061433447,293,train
0710.png,0.0005951200158698671,0.9984130132910137,0.0009918666931164452,5041,train
0711.png,0.5645987478656801,0.25441092771770063,0.18099032441661925,1757,train
0713.png,0.6438746438746439,0.35185185185185186,0.004273504273504274,702,train
0714.png,0.0076,0.9264,0.066,2500,train
0716.png,0.6583740559751222,0.2312305641936917,0.11039537983118614,4502,train
0718.png,0.0,0.1774193548387097,0.8225806451612904,62,train
0719.png,0.9983098591549295,0.0016901408450704226,0.0,1775,train
0720.png,0.001941747572815534,0.059639389736477116,0.9384188626907074,3605,train
0722.png,0.27532295948326485,0.4392248972401644,0.28545214327657076,13624,train
0723.png,0.03694267515923567,0.0012738853503184713,0.9617834394904459,785,train
0724.png,0.36387959866220737,0.17123745819397992,0.46488294314381273,1495,train
0726.png,0.0030900879486570002,0.0014261944378416924,0.9954837176135013,4207,train
0727.png,0.25390984360625574,0.655933762649494,0.09015639374425023,3261,train
0731.png,0.08743034055727554,0.26160990712074306,0.6509597523219814,16150,train
0732.png,0.0,0.7071428571428572,0.29285714285714287,2380,train
0733.png,0.02059992771955186,0.7947235272858691,0.18467654499457897,2767,train
0734.png,0.1219749878187429,0.3630826701315576,0.5149423420496996,12314,train
0735.png,0.7339901477832512,0.07881773399014778,0.18719211822660098,203,train
0737.png,0.0,0.8436329588014981,0.15636704119850187,2136,train
0739.png,0.0,0.6381015161502966,0.36189848384970336,3034,train
0740.png,0.114,0.8836,0.0024,2500,train
0741.png,0.09049360146252285,0.870201096892139,0.03930530164533821,1094,train
0742.png,0.0,0.9141323792486583,0.08586762075134168,559,train
0743.png,0.5079979360165119,0.47987616099071206,0.012125902992776058,3876,train
0744.png,0.0,0.996,0.004,1250,train
0746.png,0.3091407052379322,0.6764806573091408,0.01437863745292708,5842,train
0747.png,0.9413287316652287,0.055220017256255395,0.003451251078515962,1159,train
0748.png,0.1232876712328767,0.872431506849315,0.004280821917808219,1168,train
0749.png,0.018191917789195947,0.9513956394945147,0.030412442716289404,7201,train
0750.png,0.030810448760884127,0.26456798392498326,0.7046215673141326,1493,train
0751.png,0.08412787436904094,0.40549635445877735,0.5103757711721817,1783,train
0752.png,0.31732418524871353,0.6108796863513845,0.07179612839990199,4081,train
0753.png,0.6394230769230769,0.07692307692307693,0.28365384615384615,624,train
0754.png,0.007194244604316547,0.7769784172661871,0.2158273381294964,417,train
0755.png,0.0,0.9565217391304348,0.043478260869565216,943,train
0756.png,0.15789473684210525,0.12030075187969924,0.7218045112781954,133,train
0758.png,0.1681503461918892,0.00791295746785361,0.8239366963402571,1011,train
0759.png,0.10663360198388097,0.0,0.8933663980161191,9678,train
0760.png,0.027161438408569244,0.8209640397857689,0.15187452180566183,2614,train
0761.png,0.030634573304157548,0.22319474835886213,0.7461706783369803,457,train
0762.png,0.0,0.9333656018070345,0.06663439819296547,6198,train
0764.png,0.9763636363636363,0.0009090909090909091,0.022727272727272728,3300,train
0765.png,0.9632530814422302,0.023384402718580808,0.013362515839189033,8681,train
0766.png,0.012600229095074456,0.009736540664375716,0.9776632302405498,1746,train
0767.png,0.0,0.012347472399767577,0.9876525276002325,6884,train
0768.png,0.0,0.9979035639412998,0.0020964360587002098,1908,train
0769.png,0.0,0.8746298124383021,0.12537018756169793,1013,train
0770.png,0.004962779156327543,0.1674937965260546,0.8275434243176178,806,train
0771.png,0.4131054131054131,0.5230294396961064,0.06386514719848053,4212,train
0772.png,0.0,0.9795918367346939,0.02040816326530612,3038,train
0773.png,0.6379593383002904,0.3362798333122869,0.025760828387422656,7919,train
0774.png,0.8469034011055936,0.08479340391642462,0.06830319497798182,10673,train
0775.png,0.036885245901639344,0.7404371584699454,0.2226775956284153,732,train
0776.png,0.4305166199439327,0.5338406087304766,0.03564277132559071,2497,train
0777.png,0.006588235294117647,0.8590588235294118,0.1343529411764706,4250,train
0779.png,0.06237077877325982,0.9348725017229497,0.0027567195037904893,2902,train
0780.png,0.036245954692556634,0.540453074433657,0.42330097087378643,1545,train
0782.png,0.34662576687116564,0.6303680981595092,0.023006134969325152,652,train
0783.png,0.5590778097982709,0.2017291066282421,0.23919308357348704,347,train
0784.png,0.03114754098360656,0.8639344262295082,0.10491803278688525,610,train
0785.png,0.2583807096647716,0.7416192903352283,0.0,5101,train
0786.png,0.2222222222222222,0.0,0.7777777777777778,324,train
0787.png,0.0,0.2559241706161137,0.7440758293838863,844,train
0788.png,0.0,0.4091954022988506,0.5908045977011495,435,train
0789.png,0.7100977198697068,0.0,0.2899022801302932,307,train
0790.png,0.006944444444444444,0.08796296296296297,0.9050925925925926,432,train
0791.png,0.13875676562243727,0.01279317697228145,0.8484500574052812,6097,train
0792.png,0.003355001048437828,0.5661564269238835,0.43048857202767876,4769,train
0793.png,0.07653061224489796,0.9196428571428571,0.003826530612244898,784,train
0794.png,0.06423357664233577,0.8072992700729927,0.12846715328467154,1370,train
0795.png,0.9682758620689655,0.031724137931034485,0.0,725,train
0797.png,0.15387634936211972,0.2278050376185803,0.6183186130192999,15285,train
0799.png,0.18181818181818182,0.008658008658008658,0.8095238095238095,231,train
0800.png,0.0,0.48,0.52,150,train
0801.png,0.002748511223087494,0.9180027485112231,0.07924874026568941,2183,train
0803.png,0.254938501677227,0.0022363026462914647,0.7428251956764815,2683,train
0804.png,0.44047619047619047,0.5595238095238095,0.0,1596,train
0805.png,0.0,0.09329829172141918,0.9067017082785808,761,train
0807.png,0.000682560577251231,0.1470918043976403,0.8522256350251085,20511,train
0808.png,0.6604204753199269,0.33683729433272397,0.002742230347349177,2188,train
0810.png,0.0,0.9898477157360406,0.01015228426395939,197,train
0811.png,0.0,0.33103975535168195,0.668960244648318,1308,train
0812.png,0.018018018018018018,0.8438438438438438,0.13813813813813813,999,train
0814.png,0.616640127388535,0.02308917197452229,0.36027070063694266,2512,train
0815.png,0.0427807486631016,0.9572192513368984,0.0,187,train
0817.png,0.7688737623762376,0.039913366336633664,0.19121287128712872,3232,train
0818.png,0.0,0.9904761904761905,0.009523809523809525,315,train
0819.png,0.09482187789696729,0.770692623493577,0.1344854986094557,15102,train
0821.png,0.312331717824448,0.2703284868066774,0.41733979536887456,5571,train
0822.png,0.20340501792114696,0.5528673835125448,0.24372759856630824,1116,train
0823.png,0.08471665712650257,0.3354321694333143,0.5798511734401832,3494,train
0825.png,0.02420064535054268,0.6630976826048695,0.3127016720445879,6818,train
0826.png,0.0,0.8641294005708848,0.13587059942911514,5255,train
0827.png,0.21733668341708542,0.6507537688442211,0.13190954773869346,2388,train
0828.png,0.009392265193370166,0.9784530386740331,0.012154696132596685,1810,train
0829.png,0.17378497790868924,0.801178203240059,0.025036818851251842,679,train
0831.png,0.20078740157480315,0.003937007874015748,0.7952755905511811,254,train
0836.png,0.0,0.75,0.25,956,train
0837.png,0.20039525691699606,0.24782608695652175,0.5517786561264822,10120,train
0838.png,0.7711518858307849,0.034148827726809376,0.1946992864424057,1962,train
0839.png,0.0,1.0,0.0,161,train
0840.png,0.006593406593406593,0.046886446886446886,0.9465201465201465,2730,train
0841.png,0.6273019271948608,0.28993576017130623,0.08276231263383298,9340,train
0843.png,0.09748829289059174,0.7943805874840357,0.1081311196253725,2349,train
0844.png,0.2546661136457901,0.00041476565740356696,0.7449191206968063,2411,train
0845.png,0.15079013439669178,0.583001033820706,0.2662088317826023,13542,train
0846.png,0.3220892274211099,0.6779107725788901,0.0,919,train
0848.png,0.6882793017456359,0.30673316708229426,0.004987531172069825,401,train
0850.png,0.12669836956521738,0.018682065217391304,0.8546195652173914,2944,train
0851.png,0.6178543461237275,0.16620986687548941,0.21593578700078309,5108,train
0852.png,0.004571026722925457,0.7788326300984529,0.21659634317862167,2844,train
0853.png,0.16049382716049382,0.7070707070707071,0.1324354657687991,891,train
0854.png,0.013702106064450647,0.7609743719868054,0.22532352194874397,3941,train
0855.png,0.13226744186046513,0.5174418604651163,0.3502906976744186,688,train
0856.png,0.07458866544789762,0.819744058500914,0.1056672760511883,2735,train
0857.png,0.14909688013136288,0.007553366174055829,0.8433497536945813,3045,train
0858.png,1.0,0.0,0.0,233,train
0859.png,0.9991957720588235,0.0008042279411764705,0.0,8704,train
0860.png,0.23061797752808988,0.5140449438202247,0.25533707865168537,3560,train
0861.png,0.21210553543714433,0.42214174857734094,0.36575271598551473,3866,train
0862.png,0.9355529595015576,0.06444704049844237,0.0,5136,train
0863.png,0.2616033755274262,0.0,0.7383966244725738,237,train
0864.png,0.0,1.0,0.0,73,train
0866.png,0.17704918032786884,0.8131147540983606,0.009836065573770493,305,train
0868.png,0.722203332199932,0.09486569194151649,0.1829309758585515,2941,train
0870.png,0.0,0.3463414634146341,0.6536585365853659,205,train
0871.png,0.11636971046770601,0.8026169265033407,0.08101336302895323,3592,train
0872.png,0.29043478260869565,0.7078260869565217,0.0017391304347826088,1150,train
0873.png,0.02615497433390369,0.9718895135663652,0.001955512099731117,4091,train
0875.png,0.0,1.0,0.0,1590,train
0876.png,0.41935483870967744,0.0,0.5806451612903226,2325,train
0877.png,0.15789473684210525,0.542649727767695,0.29945553539019965,1102,train
0878.png,0.06047669868374244,0.2965136961935254,0.6430096051227321,5622,train
0879.png,0.1064891846921797,0.8935108153078203,0.0,601,train
0882.png,0.0015236160487557136,0.8831894362620619,0.11528694768918232,3938,train
0883.png,0.08340147179067865,0.902698282910875,0.013900245298446443,1223,train
0884.png,0.0007627422828427854,0.2967067480258435,0.7025305096913137,22288,train
0885.png,0.0,0.917601246105919,0.082398753894081,6420,train
0886.png,0.02570694087403599,0.7549271636675235,0.21936589545844046,1167,train
0888.png,0.0,1.0,0.0,1425,train
0889.png,0.6308880308880309,0.2857142857142857,0.0833976833976834,1295,train
0890.png,0.0,0.02570789865871833,0.9742921013412816,2684,train
0891.png,0.09682603455202893,0.5552430695058256,0.34793089594214544,2489,train
0892.png,0.8635029354207436,0.12964774951076322,0.00684931506849315,2044,train
0893.png,0.08849557522123894,0.44542772861356933,0.46607669616519176,678,train
0894.png,0.14420451724993796,0.855795482750062,0.0,4029,train
0895.png,0.1613896218117854,0.5684549985341542,0.2701553796540604,6822,train
0896.png,0.0245411865130175,0.09176269739650021,0.8836961160904823,4686,train
0897.png,0.474025974025974,0.5173160173160173,0.008658008658008658,3234,train
0898.png,0.12964371750982628,0.45460885000633955,0.41574743248383417,15774,train
0902.png,0.5072815533980582,0.4320388349514563,0.06067961165048544,412,train
0903.png,0.3047520661157025,0.6945592286501377,0.0006887052341597796,2904,train
0907.png,0.0,0.7183770883054893,0.28162291169451076,838,train
0908.png,0.0,0.6927272727272727,0.30727272727272725,550,train
0909.png,0.4498977505112474,0.5284837861524978,0.021618463336254747,3423,train
0910.png,0.13237924865831843,0.8658318425760286,0.0017889087656529517,559,train
0911.png,0.020168067226890758,0.957983193277311,0.021848739495798318,1785,train
0913.png,0.0,0.35060449050086356,0.6493955094991365,1158,train
0914.png,0.0012062726176115801,0.7895054282267793,0.20928829915560918,1658,train
0915.png,0.0,1.0,0.0,1722,train
0916.png,0.187518573551263,0.6139673105497772,0.19851411589895987,3365,train
0917.png,0.46190328899886585,0.08526652232188886,0.4528301886792453,9699,train
0918.png,0.0,0.7162629757785467,0.2837370242214533,289,train
0919.png,0.4980017376194613,0.4046915725456125,0.09730668983492616,5755,train
0920.png,0.33695377620611267,0.07552412225309421,0.5875221015407931,3959,train
0921.png,0.3181318681318681,0.4857142857142857,0.19615384615384615,3640,train
0923.png,0.10385756676557864,0.5954500494559841,0.3006923837784372,2022,train
0924.png,0.2200632625395391,0.030727519204699502,0.7492092182557614,2213,train
0925.png,0.6811091854419411,0.019064124783362217,0.29982668977469673,577,train
0926.png,0.12766278894092764,0.0,0.8723372110590724,6619,train
0927.png,0.44533947065592633,0.2554660529344074,0.2991944764096663,869,train
0928.png,0.4727248358128937,0.5252647098244203,0.002010454362685967,7461,train
0929.png,0.0,0.6153846153846154,0.38461538461538464,273,train
0930.png,0.08585858585858586,0.8428731762065096,0.0712682379349046,1782,train
0932.png,0.0,1.0,0.0,657,train
0933.png,0.0,0.9653558052434457,0.03464419475655431,1068,train
0934.png,0.002640845070422535,0.5013204225352113,0.4960387323943662,2272,train
0935.png,0.09082288483826784,0.1497734696027816,0.7594036455589506,18982,train
0936.png,0.11580086580086581,0.6082251082251082,0.275974025974026,2772,train
0938.png,0.0,0.6850896585605503,0.3149103414394498,8142,train
0939.png,0.1913123844731978,0.3661209400580935,0.44256667546870876,7574,train
0941.png,0.013266659863251352,0.1178691703235024,0.8688641698132462,9799,train
0942.png,0.012376237623762377,0.22653465346534654,0.7610891089108911,10100,train
0943.png,0.2964678633468442,0.003474232773595831,0.7000579038795599,3454,train
0944.png,0.0,0.49324324324324326,0.5067567567567568,148,train
0945.png,0.6395939086294417,0.14720812182741116,0.2131979695431472,197,train
0951.png,0.5461254612546126,0.43726937269372695,0.016605166051660517,542,train
0952.png,0.025436046511627907,0.0007267441860465116,0.9738372093023255,1376,train
0953.png,0.06786850477200425,0.0187850325708226,0.9133464626571731,6601,train
0956.png,0.051336898395721926,0.47950089126559714,0.46916221033868094,2805,train
0957.png,0.04536290322580645,0.5453629032258065,0.4092741935483871,992,train
0959.png,0.08701010598964752,0.28518609810204587,0.6278037959083066,4057,train
0960.png,0.0012784454103809768,0.002045512656609563,0.9966760419330095,3911,train
0962.png,0.11011996308828052,0.845585973546601,0.04429406336511842,3251,train
0963.png,0.0,0.12033195020746888,0.8796680497925311,482,train
0965.png,0.6478524848212278,0.15695974814481672,0.1951877670339555,4447,train
0966.png,0.37859523515615356,0.5563510677694112,0.06505369707443526,8101,train
0967.png,0.0,0.9972972972972973,0.002702702702702703,370,train
0968.png,0.7446236559139785,0.2540322580645161,0.0013440860215053765,744,train
0969.png,0.0005711022272986865,0.7829811536264991,0.21644774414620216,3502,train
0970.png,0.213682092555332,0.786317907444668,0.0,2485,train
0972.png,0.12145222327341533,0.8211920529801324,0.057355723746452224,8456,train
0975.png,0.0,0.3548117154811716,0.6451882845188285,1195,train
0977.png,0.1851266784130263,0.4048241083905462,0.4100492131964275,16459,train
0978.png,0.006756756756756757,0.8288288288288288,0.16441441441441443,888,train
0980.png,0.0,0.0,1.0,402,train
0981.png,0.5097529258777633,0.4889466840052016,0.0013003901170351106,769,train
0982.png,0.89800132144037,0.06706309877766765,0.034935579781962336,12108,train
0983.png,0.18144329896907216,0.6185567010309279,0.2,485,train
0984.png,0.022950819672131147,0.004371584699453552,0.9726775956284153,915,train
0986.png,0.0,0.8769716088328076,0.12302839116719243,951,train
0987.png,0.045274674115456236,0.023044692737430168,0.9316806331471136,8592,train
0988.png,0.6352941176470588,0.32941176470588235,0.03529411764705882,85,train
0989.png,0.004680415386865584,0.006728097118619277,0.9885914874945151,6837,train
0990.png,0.0,0.7464114832535885,0.2535885167464115,209,train
0991.png,0.0,0.03309692671394799,0.966903073286052,2538,train
0992.png,0.46028767979987495,0.4646654158849281,0.075046904315197,1599,train
0993.png,0.0016451878256100905,0.2692624074581848,0.7290924047162051,3647,train
0994.png,0.01875901875901876,0.0005772005772005772,0.9806637806637807,3465,train
0995.png,0.9646750100928543,0.004123651883038238,0.031201338024107503,34678,train
0996.png,0.23931623931623933,0.1111111111111111,0.6495726495726496,117,train
0997.png,0.653052805280528,0.15594059405940594,0.191006600660066,2424,train
0998.png,0.0008485362749257531,0.93805685193042,0.061094611794654224,2357,train
0999.png,0.45453039589199934,0.2660261719397051,0.27944343216829554,6037,train
1000.png,0.9949886841254445,0.0002694255846535187,0.004741890289901929,18558,train
1001.png,0.29617021276595745,0.6978723404255319,0.005957446808510639,1175,train
1002.png,0.07927247769389156,0.6142759094028827,0.3064516129032258,2914,train
1004.png,0.3185550082101806,0.6177339901477833,0.06371100164203612,3045,train
1005.png,0.8018134715025906,0.18911917098445596,0.009067357512953367,772,train
1006.png,0.9485699291524534,0.0362109682498032,0.015219102597743374,3811,train
1007.png,0.023255813953488372,0.7407548608463591,0.2359893252001525,5246,train
1008.png,0.0018726591760299626,0.031835205992509365,0.9662921348314607,3204,train
1010.png,0.0,0.8667236223835968,0.13327637761640324,2341,train
0001.png,0.0,0.4327485380116959,0.5672514619883041,684,validation
0002.png,0.1664451827242525,0.5970099667774086,0.23654485049833887,3010,validation
0003.png,0.04054596547571256,0.9335608189482135,0.025893215576073866,4982,validation
0004.png,0.0,0.6053097345132743,0.39469026548672564,565,validation
0005.png,0.0005701254275940707,0.010262257696693273,0.9891676168757126,1754,validation
0006.png,0.021354166666666667,0.14114583333333333,0.8375,1920,validation
0007.png,0.055069767441860464,0.12651162790697673,0.8184186046511628,5375,validation
0008.png,0.7214038128249567,0.0012998266897746968,0.2772963604852686,2308,validation
0009.png,0.0033651659845384267,0.19517962710322875,0.8014552069122328,10995,validation
0010.png,0.01826079248293591,0.9773069763318855,0.004432231185178619,11281,validation
0025.png,0.18455743879472694,0.815442561205273,0.0,1062,validation
0030.png,0.9402000425622473,0.05618216641838689,0.0036177910193658227,4699,validation
0033.png,0.0,0.4845744680851064,0.5154255319148936,1880,validation
0046.png,0.0,0.8922700244840853,0.10772997551591465,2859,validation
0047.png,0.5474254742547425,0.38482384823848237,0.06775067750677506,738,validation
0057.png,0.0,1.0,0.0,719,validation
0058.png,0.3892890698402756,0.48073911681803944,0.12997181334168492,3193,validation
0062.png,0.44991055456171736,0.0,0.5500894454382826,1118,validation
0068.png,0.0075,0.7625,0.23,400,validation
0078.png,0.5666991236611489,0.4323271665043817,0.0009737098344693282,2054,validation
0079.png,0.023255813953488372,0.046511627906976744,0.9302325581395349,43,validation
0082.png,0.006334125098970704,0.8606492478226445,0.1330166270783848,1263,validation
0085.png,0.40425531914893614,0.5943262411347517,0.0014184397163120568,705,validation
0089.png,0.07217694994179279,0.8246022506790842,0.10322079937912301,2577,validation
0096.png,0.14839797639123103,0.6728499156829679,0.178752107925801,593,validation
0107.png,0.20270270270270271,0.41154791154791154,0.3857493857493858,814,validation
0108.png,0.373961895456766,0.5713238886174891,0.05471421592574499,4094,validation
0122.png,0.0,0.999344262295082,0.0006557377049180328,1525,validation
0124.png,0.04251012145748988,0.8309716599190283,0.12651821862348178,1976,validation
0126.png,0.0,0.897196261682243,0.102803738317757,963,validation
0133.png,0.01068306895435416,0.9715118161217222,0.0178051149239236,3089,validation
0134.png,0.0,0.822289156626506,0.17771084337349397,1992,validation
0136.png,0.025435073627844713,0.019076305220883535,0.9554886211512718,5976,validation
0143.png,0.4861111111111111,0.5138888888888888,0.0,360,validation
0146.png,0.17105263157894737,0.0,0.8289473684210527,152,validation
0164.png,0.0,0.9081115335868187,0.09188846641318124,1578,validation
0177.png,0.0,0.9407265774378585,0.05927342256214149,523,validation
0180.png,0.05478763508419201,0.1090726313144006,0.8361397336014074,3979,validation
0190.png,0.0,0.9233511586452763,0.0766488413547237,1683,validation
0192.png,0.7964705882352942,0.03058823529411765,0.17294117647058824,3400,validation
0201.png,0.2555850056796668,0.0,0.7444149943203332,2641,validation
0203.png,0.836531917789574,0.08697427521437322,0.07649380699605281,7347,validation
0208.png,0.0010885341074020319,0.9989114658925979,0.0,2756,validation
0211.png,0.04092071611253197,0.8808184143222506,0.0782608695652174,3910,validation
0213.png,0.4490965182899956,0.0,0.5509034817100044,2269,validation
0217.png,0.0369290573372206,0.9630709426627794,0.0,2058,validation
0233.png,0.16802168021680217,0.8102981029810298,0.02168021680216802,369,validation
0235.png,0.0,0.9699331848552338,0.030066815144766147,898,validation
0245.png,0.0,0.9324324324324325,0.06756756756756757,74,validation
0251.png,0.0,0.890625,0.109375,192,validation
0256.png,0.633706965572458,0.1745396317053643,0.19175340272217775,2498,validation
0259.png,0.14770675334055616,0.06681112314915132,0.7854821235102926,2769,validation
0262.png,0.0,0.9988276670574443,0.0011723329425556857,853,validation
0276.png,0.6684118673647469,0.33158813263525305,0.0,1146,validation
0278.png,0.12007168458781362,0.010752688172043012,0.8691756272401434,558,validation
0284.png,0.0,0.6435374149659864,0.3564625850340136,735,validation
0289.png,0.3921951219512195,0.0,0.6078048780487805,1025,validation
0291.png,0.0,0.9987253027405991,0.0012746972594008922,1569,validation
0300.png,0.15134586084306756,0.8146267140680549,0.0340274250888776,5907,validation
0301.png,0.12030574941841143,0.8634097706879362,0.016284479893652375,3009,validation
0303.png,0.5710393149085247,0.3561697158427404,0.07279096924873492,2569,validation
0322.png,0.2302025782688766,0.7476979742173112,0.022099447513812154,543,validation
0326.png,0.029701097237987136,0.060915626182368524,0.9093832765796444,15858,validation
0334.png,0.12468274111675128,0.004441624365482234,0.8708756345177665,3152,validation
0337.png,0.09948979591836735,0.8069727891156463,0.0935374149659864,1176,validation
0339.png,0.6012195121951219,0.3199186991869919,0.07886178861788617,2460,validation
0341.png,0.018867924528301886,0.9245283018867925,0.05660377358490566,212,validation
0349.png,0.008828722778104767,0.01059446733372572,0.9805768098881695,1699,validation
0355.png,0.2671361502347418,0.34460093896713617,0.3882629107981221,2130,validation
0356.png,0.9246772968868641,0.06378132118451026,0.011541381928625664,6585,validation
0363.png,0.3979253112033195,0.2769709543568465,0.32510373443983404,4820,validation
0365.png,0.0021821067248561795,0.16217020432453877,0.835647688950605,20164,validation
0369.png,0.883762732174955,0.11414020371479928,0.002097064110245656,3338,validation
0375.png,0.650175644028103,0.34250585480093676,0.007318501170960188,3416,validation
0376.png,0.10469314079422383,0.7653429602888087,0.1299638989169675,831,validation
0382.png,0.440104620749782,0.008660273176402208,0.5512351060738158,17205,validation
0390.png,0.8510822510822511,0.0,0.14891774891774892,1155,validation
0398.png,0.0,0.4875207986688852,0.5124792013311148,601,validation
0405.png,0.29472595656670114,0.7021716649431231,0.0031023784901758012,967,validation
0407.png,0.09062336301728653,0.6390780513357779,0.27029858564693554,1909,validation
0412.png,0.025867937372362152,0.0,0.9741320626276379,1469,validation
0416.png,0.23038445047877662,0.010575961126196942,0.7590395883950264,6997,validation
0429.png,0.12088452088452088,0.42997542997543,0.4491400491400491,2035,validation
0437.png,0.7411045884749011,0.24403977476937821,0.014855636755720618,8347,validation
0438.png,0.0,1.0,0.0,8508,validation
0439.png,0.143591941705958,0.5053579082726104,0.35105015002143164,2333,validation
0447.png,0.0,0.4001937984496124,0.5998062015503876,1032,validation
0450.png,0.0,0.7124060150375939,0.287593984962406,532,validation
0451.png,0.0028213166144200625,0.06442006269592476,0.9327586206896552,6380,validation
0456.png,0.10526315789473684,0.2631578947368421,0.631578947368421,38,validation
0466.png,0.010810810810810811,0.013963963963963964,0.9752252252252253,2220,validation
0470.png,0.03296703296703297,0.7530906593406593,0.21394230769230768,2912,validation
0475.png,0.0,0.08196721311475409,0.9180327868852459,122,validation
0485.png,0.0,0.0,1.0,360,validation
0494.png,0.0,0.5674300254452926,0.43256997455470736,1572,validation
0496.png,0.07724252491694353,0.9227574750830565,0.0,1204,validation
0503.png,0.350293542074364,0.649706457925636,0.0,2555,validation
0504.png,0.3467316280958181,0.0828258221680877,0.5704425497360942,2463,validation
0511.png,0.12042527090574524,0.8791658147618074,0.0004089143324473523,4891,validation
0516.png,0.39176598049837486,0.15861321776814735,0.4496208017334778,4615,validation
0517.png,0.7003958436417616,0.24282533399307274,0.05677882236516576,8084,validation
0525.png,0.13901212658976633,0.0023661638568470865,0.8586217095533866,3381,validation
0528.png,0.3444976076555024,0.46172248803827753,0.1937799043062201,418,validation
0541.png,0.031746031746031744,0.6232048374905518,0.3450491307634165,2646,validation
0543.png,0.00538971807628524,0.9937810945273632,0.0008291873963515755,2412,validation
0545.png,0.010823460582126665,0.9333040807371654,0.055872458680707913,6837,validation
0548.png,0.05029768014781359,0.2490248408950934,0.700677478957093,4871,validation
0549.png,0.3185378590078329,0.1462140992167102,0.5352480417754569,1915,validation
0557.png,0.10990502035278155,0.6824966078697422,0.20759837177747625,2948,validation
0559.png,0.6463946625609444,0.3500128303823454,0.00359250705671029,3897,validation
0565.png,0.2518887881535207,0.708220006044122,0.03989120580235721,6618,validation
0566.png,0.7058823529411765,0.2916919345057611,0.002425712553062462,1649,validation
0571.png,0.1917808219178082,0.7671232876712328,0.0410958904109589,438,validation
0577.png,0.6401404330017554,0.3551784669397308,0.004681100058513751,1709,validation
0580.png,0.0,0.09302325581395349,0.9069767441860465,86,validation
0582.png,0.27611940298507465,0.6705756929637526,0.053304904051172705,2814,validation
0588.png,0.05855855855855856,0.0,0.9414414414414415,222,validation
0591.png,0.08441558441558442,0.13116883116883116,0.7844155844155845,1540,validation
0603.png,0.07879959495535303,0.43072815980852436,0.4904722452361226,10863,validation
0604.png,0.021632758176667526,0.14602111769250578,0.8323461241308266,3883,validation
0607.png,0.38567649281934996,0.3505291005291005,0.2637944066515495,5292,validation
0612.png,0.0,0.7032258064516129,0.2967741935483871,155,validation
0615.png,0.004700162074554295,0.826742301458671,0.1685575364667747,6170,validation
0616.png,0.020181634712411706,0.03464513958964009,0.9451732256979481,14865,validation
0627.png,0.7035876993166287,0.2955580865603645,0.0008542141230068337,3512,validation
0638.png,0.0,0.7337278106508875,0.26627218934911245,338,validation
0642.png,0.5957362024307631,0.14903367204622434,0.25523012552301255,5019,validation
0644.png,0.03233830845771144,0.9340796019900498,0.033582089552238806,804,validation
0647.png,0.0,0.9350473612990527,0.06495263870094722,739,validation
0651.png,0.4709437470943747,0.5211529521152952,0.00790330079033008,4302,validation
0652.png,0.9965277777777778,0.003472222222222222,0.0,288,validation
0657.png,0.9830416741836551,0.015695471766191592,0.0012628540501533466,5543,validation
0674.png,0.630834114339269,0.2670103092783505,0.1021555763823805,10670,validation
0679.png,0.11199207135777998,0.2874132804757185,0.6005946481665014,1009,validation
0682.png,0.7693529178245335,0.19491861849940453,0.03572846367606193,2519,validation
0706.png,0.3533646322378717,0.5105633802816901,0.1360719874804382,12780,validation
0712.png,0.5388235294117647,0.3749019607843137,0.08627450980392157,1275,validation
0715.png,0.11961722488038277,0.0,0.8803827751196173,209,validation
0717.png,0.012606933813597478,0.9783881134624043,0.009004952723998198,2221,validation
0721.png,0.0009950248756218905,0.0,0.9990049751243781,1005,validation
0728.png,0.02631578947368421,0.009868421052631578,0.9638157894736842,912,validation
0729.png,0.017192384200056834,0.0026996305768684286,0.9801079852230747,7038,validation
0730.png,0.0,0.9787234042553191,0.02127659574468085,47,validation
0738.png,0.005545286506469501,0.9269870609981515,0.06746765249537892,1082,validation
0745.png,0.10891654298435895,0.8803516383148762,0.010731818700764928,8759,validation
0757.png,0.0,0.9870609981515711,0.012939001848428836,541,validation
0763.png,0.0060046773276025535,0.5363124960495544,0.45768282662284304,15821,validation
0781.png,0.014778325123152709,0.9852216748768473,0.0,812,validation
0796.png,0.9462207521744457,0.04887908857037854,0.004900159255175793,8163,validation
0798.png,0.03571428571428571,0.6859605911330049,0.27832512315270935,812,validation
0802.png,0.16525871172122492,0.834741288278775,0.0,1894,validation
0806.png,0.5881226053639846,0.18568691844553914,0.2261904761904762,7308,validation
0809.png,0.0,0.9471977767484947,0.052802223251505326,2159,validation
0813.png,0.0,1.0,0.0,570,validation
0816.png,1.0,0.0,0.0,20,validation
0820.png,0.7299698678822529,0.1290272734296531,0.14100285868809395,12943,validation
0824.png,0.018154311649016642,0.3721633888048411,0.6096822995461422,1322,validation
0830.png,0.6752941176470588,0.0611764705882353,0.2635294117647059,425,validation
0833.png,0.03322259136212625,0.9612403100775194,0.005537098560354375,1806,validation
0834.png,0.33902759526938236,0.492772667542707,0.16819973718791065,761,validation
0835.png,0.10536779324055666,0.8921471172962226,0.002485089463220676,2012,validation
0842.png,0.0015698587127158557,0.41130298273155413,0.5871271585557299,1274,validation
0847.png,0.2039337474120083,0.7884057971014493,0.007660455486542443,4830,validation
0849.png,0.6587155963302752,0.3357798165137615,0.005504587155963303,545,validation
0865.png,0.005571030640668524,0.9930362116991643,0.001392757660167131,1436,validation
0867.png,0.0,1.0,0.0,80,validation
0874.png,0.7414204635866971,0.04800297034954649,0.21057656606375644,18853,validation
0880.png,0.03342013888888889,0.9279513888888888,0.038628472222222224,2304,validation
0881.png,0.027237354085603113,0.566147859922179,0.4066147859922179,1028,validation
0887.png,0.01655488581373631,0.09797096527718821,0.8854741489090755,11779,validation
0900.png,0.13512154233025986,0.00989103101424979,0.8549874266554903,5965,validation
0901.png,0.2817891373801917,0.7103833865814696,0.007827476038338659,6260,validation
0904.png,0.0,0.06,0.94,50,validation
0905.png,0.0,0.016194331983805668,0.9838056680161943,494,validation
0906.png,0.4127906976744186,0.0,0.5872093023255814,172,validation
0922.png,0.0,0.965964343598055,0.03403565640194489,617,validation
0937.png,0.11023622047244094,0.0901932712956335,0.7995705082319255,1397,validation
0940.png,0.19429232549170844,0.5865021210952565,0.2192055534130351,12965,validation
0946.png,0.0316622691292876,0.0,0.9683377308707124,1895,validation
0947.png,0.8784541550896691,0.016468805253851984,0.10507703965647891,19795,validation
0948.png,0.0,0.4880952380952381,0.5119047619047619,840,validation
0949.png,0.23459459459459459,0.002162162162162162,0.7632432432432432,925,validation
0954.png,0.0,0.6134055517941774,0.3865944482058226,1477,validation
0955.png,0.0,0.9854014598540146,0.014598540145985401,137,validation
0958.png,0.0,0.9947643979057592,0.005235602094240838,382,validation
0961.png,0.0,0.9809523809523809,0.01904761904761905,735,validation
0964.png,0.2885955262192886,0.5243857719105244,0.18701870187018702,2727,validation
0971.png,0.5110192837465565,0.4636363636363636,0.02534435261707989,3630,validation
0973.png,0.0,0.5892648774795799,0.41073512252042005,857,validation
0974.png,0.6723926380368098,0.2833333333333333,0.044274028629856854,9780,validation
0976.png,0.2183406113537118,0.7816593886462883,0.0,1374,validation
0979.png,0.724561403508772,0.2754385964912281,0.0,570,validation
0985.png,0.028849665246500303,0.7438831405964699,0.2272671941570298,8215,validation
1003.png,0.12435765673175746,0.8119218910585817,0.06372045220966084,973,validation
1009.png,0.0068939103791650705,0.3136729222520107,0.6794331673688242,2611,validation
